[
  {
    "gender": "male",
    "name": {
      "title": "Mr",
      "first": "Tom",
      "last": "Wells"
    },
    "location": {
      "street": {
        "number": 178,
        "name": "Stevens Creek Blvd"
      },
      "city": "Ballarat",
      "state": "Australian Capital Territory",
      "country": "Australia",
      "postcode": 7587,
      "coordinates": {
        "latitude": "-81.8211",
        "longitude": "-89.4684"
      },
      "timezone": {
        "offset": "-11:00",
        "description": "Midway Island, Samoa"
      }
    },
    "email": "tom.wells@example.com",
    "login": {
      "uuid": "ef00c10a-a79c-4e84-a429-41bd1552d2e4",
      "username": "blackmeercat342",
      "password": "disney",
      "salt": "MBMV6Is4",
      "md5": "aacbdc503a7fd7cf523655d9ecec06d6",
      "sha1": "e5820b168f9f0ca12f8f1dd749439da343de55f9",
      "sha256": "fe9dd5b804d2573a47f6b30084d68af467db4ccc97b22cdf8ce2fc957a00cfdd"
    },
    "dob": {
      "date": "1950-01-04T21:32:54.224Z",
      "age": 75
    },
    "registered": {
      "date": "2016-11-03T00:51:47.805Z",
      "age": 8
    },
    "phone": "00-3318-1927",
    "cell": "0418-866-833",
    "id": {
      "name": "TFN",
      "value": "679795032"
    },
    "picture": {
      "large": "https://randomuser.me/api/portraits/men/86.jpg",
      "medium": "https://randomuser.me/api/portraits/med/men/86.jpg",
      "thumbnail": "https://randomuser.me/api/portraits/thumb/men/86.jpg"
    },
    "nat": "AU"
  },
  {
    "gender": "male",
    "name": {
      "title": "Mr",
      "first": "Emre",
      "last": "Roordink"
    },
    "location": {
      "street": {
        "number": 5261,
        "name": "Alida Buitendijk Erf"
      },
      "city": "Katwijk Nb",
      "state": "Utrecht",
      "country": "Netherlands",
      "postcode": "4942 GW",
      "coordinates": {
        "latitude": "45.5647",
        "longitude": "-115.8036"
      },
      "timezone": {
        "offset": "+10:00",
        "description": "Eastern Australia, Guam, Vladivostok"
      }
    },
    "email": "emre.roordink@example.com",
    "login": {
      "uuid": "ddaad559-cebe-4805-8ca5-49f806c8140c",
      "username": "organicelephant661",
      "password": "272727",
      "salt": "fsaV8QnB",
      "md5": "8f7faa1e1683e5129eb3e975c69b1e88",
      "sha1": "99631a080c44305bf88ada6ac3364e97c411d682",
      "sha256": "928b683127693a1fd855ffcd58e43f2c110fb662585eebf0a87cfcd0a7d855c5"
    },
    "dob": {
      "date": "1970-05-22T08:18:36.339Z",
      "age": 55
    },
    "registered": {
      "date": "2008-11-27T03:56:41.100Z",
      "age": 16
    },
    "phone": "(034) 1204149",
    "cell": "(06) 89951804",
    "id": {
      "name": "BSN",
      "value": "58855189"
    },
    "picture": {
      "large": "https://randomuser.me/api/portraits/men/24.jpg",
      "medium": "https://randomuser.me/api/portraits/med/men/24.jpg",
      "thumbnail": "https://randomuser.me/api/portraits/thumb/men/24.jpg"
    },
    "nat": "NL"
  },
  {
    "gender": "male",
    "name": {
      "title": "Mr",
      "first": "Jared",
      "last": "Graves"
    },
    "location": {
      "street": {
        "number": 9882,
        "name": "London Road"
      },
      "city": "Dundee",
      "state": "Oxfordshire",
      "country": "United Kingdom",
      "postcode": "FV82 8RT",
      "coordinates": {
        "latitude": "81.6693",
        "longitude": "65.9069"
      },
      "timezone": {
        "offset": "-4:00",
        "description": "Atlantic Time (Canada), Caracas, La Paz"
      }
    },
    "email": "jared.graves@example.com",
    "login": {
      "uuid": "37094975-3562-4416-96f4-54186c480dee",
      "username": "happywolf331",
      "password": "pitchers",
      "salt": "DKRJ9Ur9",
      "md5": "d331f82a1adc5a6cc14643bea549a393",
      "sha1": "c724d3cbb0e7ecee3652587e2ac10653e08b137a",
      "sha256": "ad1b8f95f45d2f146d15da3904f72e7684ddd8f5540967c69205371d8d609c32"
    },
    "dob": {
      "date": "1947-11-15T05:06:03.004Z",
      "age": 77
    },
    "registered": {
      "date": "2019-09-07T12:50:23.899Z",
      "age": 5
    },
    "phone": "015242 25622",
    "cell": "07254 305718",
    "id": {
      "name": "NINO",
      "value": "NK 40 95 48 M"
    },
    "picture": {
      "large": "https://randomuser.me/api/portraits/men/10.jpg",
      "medium": "https://randomuser.me/api/portraits/med/men/10.jpg",
      "thumbnail": "https://randomuser.me/api/portraits/thumb/men/10.jpg"
    },
    "nat": "GB"
  },
  {
    "gender": "male",
    "name": {
      "title": "Mr",
      "first": "Zachary",
      "last": "Roy"
    },
    "location": {
      "street": {
        "number": 2632,
        "name": "Main St"
      },
      "city": "Beaumont",
      "state": "Nunavut",
      "country": "Canada",
      "postcode": "W3U 5C3",
      "coordinates": {
        "latitude": "-66.5528",
        "longitude": "-158.4497"
      },
      "timezone": {
        "offset": "+1:00",
        "description": "Brussels, Copenhagen, Madrid, Paris"
      }
    },
    "email": "zachary.roy@example.com",
    "login": {
      "uuid": "fc749083-e4ea-4e4b-bf50-f93c5934af07",
      "username": "greenbird959",
      "password": "wwwwww",
      "salt": "5p5Q5rRC",
      "md5": "fee53b25e29203999eca682efab61116",
      "sha1": "6b02dba71f95ac87b86857d42510457cbf1a13ad",
      "sha256": "95e74c9fc554d1b27a0bafb2409c73b46704bf326dc24a20337322a7453c7cb3"
    },
    "dob": {
      "date": "1976-11-23T22:23:03.682Z",
      "age": 48
    },
    "registered": {
      "date": "2006-04-28T03:07:55.104Z",
      "age": 19
    },
    "phone": "J52 H69-0456",
    "cell": "C76 R47-6375",
    "id": {
      "name": "SIN",
      "value": "240000034"
    },
    "picture": {
      "large": "https://randomuser.me/api/portraits/men/75.jpg",
      "medium": "https://randomuser.me/api/portraits/med/men/75.jpg",
      "thumbnail": "https://randomuser.me/api/portraits/thumb/men/75.jpg"
    },
    "nat": "CA"
  },
  {
    "gender": "female",
    "name": {
      "title": "Ms",
      "first": "Yasemin",
      "last": "Aykaç"
    },
    "location": {
      "street": {
        "number": 9161,
        "name": "Doktorlar Cd"
      },
      "city": "Osmaniye",
      "state": "Batman",
      "country": "Turkey",
      "postcode": 19060,
      "coordinates": {
        "latitude": "17.7613",
        "longitude": "54.0635"
      },
      "timezone": {
        "offset": "-3:00",
        "description": "Brazil, Buenos Aires, Georgetown"
      }
    },
    "email": "yasemin.aykac@example.com",
    "login": {
      "uuid": "1caa6c95-c917-424f-9c95-15e40fdfba83",
      "username": "purplezebra650",
      "password": "456456",
      "salt": "H9PTrxBJ",
      "md5": "772029958b602669994947cef8ff5fb7",
      "sha1": "82b9327417b2f2224cf030b18bfabc673754495d",
      "sha256": "a3d476f7b275e874bf1b0be8fec64d44d55c29438e87576c3d76a7e886bf201a"
    },
    "dob": {
      "date": "1983-11-22T00:41:54.098Z",
      "age": 41
    },
    "registered": {
      "date": "2012-11-12T17:41:27.486Z",
      "age": 12
    },
    "phone": "(687)-989-9985",
    "cell": "(686)-379-8191",
    "id": {
      "name": "",
      "value": null
    },
    "picture": {
      "large": "https://randomuser.me/api/portraits/women/46.jpg",
      "medium": "https://randomuser.me/api/portraits/med/women/46.jpg",
      "thumbnail": "https://randomuser.me/api/portraits/thumb/women/46.jpg"
    },
    "nat": "TR"
  },
  {
    "gender": "male",
    "name": {
      "title": "Mr",
      "first": "Sergio",
      "last": "Corrales"
    },
    "location": {
      "street": {
        "number": 6010,
        "name": "Pasaje Aguascalientes"
      },
      "city": "Villa de Tamazulapam del Progre",
      "state": "Chiapas",
      "country": "Mexico",
      "postcode": 81063,
      "coordinates": {
        "latitude": "-47.3957",
        "longitude": "-4.6817"
      },
      "timezone": {
        "offset": "-10:00",
        "description": "Hawaii"
      }
    },
    "email": "sergio.corrales@example.com",
    "login": {
      "uuid": "3954ac3a-629d-4afd-878d-31da99730ca8",
      "username": "blackbird754",
      "password": "user",
      "salt": "NDpGoyL0",
      "md5": "7cd716723aa8d71a9e45637da89c22c7",
      "sha1": "3777ca1cdfe9d6d57d9e22dc662a9288badbba66",
      "sha256": "8b7bd4e707672427bc7462ecf96a0101ef748fa218e23e493f6fabe384d43028"
    },
    "dob": {
      "date": "1972-04-05T19:35:35.314Z",
      "age": 53
    },
    "registered": {
      "date": "2018-04-17T11:59:37.421Z",
      "age": 7
    },
    "phone": "(648) 342 6517",
    "cell": "(658) 982 2172",
    "id": {
      "name": "NSS",
      "value": "53 93 10 7240 9"
    },
    "picture": {
      "large": "https://randomuser.me/api/portraits/men/17.jpg",
      "medium": "https://randomuser.me/api/portraits/med/men/17.jpg",
      "thumbnail": "https://randomuser.me/api/portraits/thumb/men/17.jpg"
    },
    "nat": "MX"
  }
]
