[
  {
    "gender": "female",
    "name": {
      "title": "Miss",
      "first": "Buse",
      "last": "Taşçı"
    },
    "location": {
      "street": {
        "number": 5408,
        "name": "Atatürk Sk"
      },
      "city": "Kayseri",
      "state": "Kilis",
      "country": "Turkey",
      "postcode": 86245,
      "coordinates": {
        "latitude": "70.8767",
        "longitude": "127.2043"
      },
      "timezone": {
        "offset": "+10:00",
        "description": "Eastern Australia, Guam, Vladivostok"
      }
    },
    "email": "buse.tasci@example.com",
    "login": {
      "uuid": "2c0f807f-da44-4951-a27b-479b72725a5b",
      "username": "sadfish540",
      "password": "hollie",
      "salt": "OqtMvfAi",
      "md5": "34d167224df703f4b533ff2129f6e5f6",
      "sha1": "0c55e2db57e3bdf4af5bd1c3e1337424557d9ce8",
      "sha256": "4ae56879e050feb849543bab741419788cf220d0c3ccd82034a4e1496987ecfb"
    },
    "dob": {
      "date": "1977-02-25T07:40:43.448Z",
      "age": 48
    },
    "registered": {
      "date": "2016-11-05T13:28:45.997Z",
      "age": 8
    },
    "phone": "(141)-363-7459",
    "cell": "(540)-094-7929",
    "id": {
      "name": "",
      "value": null
    },
    "picture": {
      "large": "https://randomuser.me/api/portraits/women/48.jpg",
      "medium": "https://randomuser.me/api/portraits/med/women/48.jpg",
      "thumbnail": "https://randomuser.me/api/portraits/thumb/women/48.jpg"
    },
    "nat": "TR"
  },
  {
    "gender": "female",
    "name": {
      "title": "Miss",
      "first": "Kavyashri",
      "last": "Bhat"
    },
    "location": {
      "street": {
        "number": 5106,
        "name": "Altamount Rd"
      },
      "city": "Begusarai",
      "state": "Chhattisgarh",
      "country": "India",
      "postcode": 62179,
      "coordinates": {
        "latitude": "-8.4308",
        "longitude": "3.2128"
      },
      "timezone": {
        "offset": "+11:00",
        "description": "Magadan, Solomon Islands, New Caledonia"
      }
    },
    "email": "kavyashri.bhat@example.com",
    "login": {
      "uuid": "e8611f6c-e4f8-4842-af80-129a24747f22",
      "username": "lazyzebra246",
      "password": "bunny",
      "salt": "QipCqC7i",
      "md5": "9f652ef19d4074abb6a043842a5c8040",
      "sha1": "c2e666116cdb73f4c070e53713b5dc439762f506",
      "sha256": "b14f4b90e0b600d5cdfb92de297b8a7079f46c8dd361af68820f7ff72cf69f21"
    },
    "dob": {
      "date": "1976-06-04T14:42:15.858Z",
      "age": 49
    },
    "registered": {
      "date": "2010-03-11T00:38:29.557Z",
      "age": 15
    },
    "phone": "7566818730",
    "cell": "9992475864",
    "id": {
      "name": "UIDAI",
      "value": "056927436501"
    },
    "picture": {
      "large": "https://randomuser.me/api/portraits/women/2.jpg",
      "medium": "https://randomuser.me/api/portraits/med/women/2.jpg",
      "thumbnail": "https://randomuser.me/api/portraits/thumb/women/2.jpg"
    },
    "nat": "IN"
  },
  {
    "gender": "female",
    "name": {
      "title": "Mrs",
      "first": "Kimberly",
      "last": "Newman"
    },
    "location": {
      "street": {
        "number": 3230,
        "name": "North Street"
      },
      "city": "Drogheda",
      "state": "Kildare",
      "country": "Ireland",
      "postcode": 68338,
      "coordinates": {
        "latitude": "0.4562",
        "longitude": "167.6447"
      },
      "timezone": {
        "offset": "+3:30",
        "description": "Tehran"
      }
    },
    "email": "kimberly.newman@example.com",
    "login": {
      "uuid": "28605899-d1db-451b-bf46-b9ea6199f4c6",
      "username": "smallrabbit435",
      "password": "beans",
      "salt": "2RAqyIOD",
      "md5": "ccd3312aa07b634176e006f9b9f4d21a",
      "sha1": "10c1f37c9fbf577f47561b09745c8079cd0f2b13",
      "sha256": "5e6036f05467a04873ba4970225063d996a83cd989c3256536d4aa375e4289d6"
    },
    "dob": {
      "date": "1988-09-27T05:20:54.542Z",
      "age": 36
    },
    "registered": {
      "date": "2018-10-19T01:33:56.951Z",
      "age": 6
    },
    "phone": "041-257-2391",
    "cell": "081-073-4476",
    "id": {
      "name": "PPS",
      "value": "4278560T"
    },
    "picture": {
      "large": "https://randomuser.me/api/portraits/women/59.jpg",
      "medium": "https://randomuser.me/api/portraits/med/women/59.jpg",
      "thumbnail": "https://randomuser.me/api/portraits/thumb/women/59.jpg"
    },
    "nat": "IE"
  }
]