[
  {
    "gender": "male",
    "name": {
      "title": "Mr",
      "first": "Allen",
      "last": "Carter"
    },
    "location": {
      "street": {
        "number": 6533,
        "name": "Queens Road"
      },
      "city": "Lisburn",
      "state": "Somerset",
      "country": "United Kingdom",
      "postcode": "TV4I 3BE",
      "coordinates": {
        "latitude": "-9.7000",
        "longitude": "-13.6415"
      },
      "timezone": {
        "offset": "+8:00",
        "description": "Beijing, Perth, Singapore, Hong Kong"
      }
    },
    "email": "allen.carter@example.com",
    "login": {
      "uuid": "02daa7c9-10d4-4cd7-ad61-7b97e19ab087",
      "username": "greenbutterfly511",
      "password": "stunner",
      "salt": "hd1sU1Ei",
      "md5": "52fedf1beafe5b6a5edf610ef06fdd65",
      "sha1": "84cf2a13de44c034fa403c68cfd59e0968887968",
      "sha256": "cb17972ea74935ffce83a21e21aeba6c980be10dbead42d57086adadcb391c91"
    },
    "dob": {
      "date": "1986-09-28T02:19:14.188Z",
      "age": 38
    },
    "registered": {
      "date": "2014-02-25T18:10:39.259Z",
      "age": 11
    },
    "phone": "016973 91274",
    "cell": "07406 768801",
    "id": {
      "name": "NINO",
      "value": "OH 27 14 35 J"
    },
    "picture": {
      "large": "https://randomuser.me/api/portraits/men/47.jpg",
      "medium": "https://randomuser.me/api/portraits/med/men/47.jpg",
      "thumbnail": "https://randomuser.me/api/portraits/thumb/men/47.jpg"
    },
    "nat": "GB"
  },
  {
    "gender": "male",
    "name": {
      "title": "Mr",
      "first": "Lenny",
      "last": "Dufour"
    },
    "location": {
      "street": {
        "number": 3367,
        "name": "Rue Dugas-Montbel"
      },
      "city": "Mulhouse",
      "state": "Haute-Corse",
      "country": "France",
      "postcode": 86699,
      "coordinates": {
        "latitude": "39.8526",
        "longitude": "13.3336"
      },
      "timezone": {
        "offset": "+5:45",
        "description": "Kathmandu"
      }
    },
    "email": "lenny.dufour@example.com",
    "login": {
      "uuid": "f1e343ba-1273-4e35-ac2e-97257e03fde3",
      "username": "tinyduck379",
      "password": "jeannie",
      "salt": "q8Knf3K9",
      "md5": "c4ed3953042278c5b88cb5d6f0653815",
      "sha1": "a67fb8da49d40653f992b95de56e403780150cf3",
      "sha256": "8e221b44635ee75d7c8a385a617bb5c9cfbd2855ed2add8551cf68ea1a22f455"
    },
    "dob": {
      "date": "2000-02-21T00:12:24.401Z",
      "age": 25
    },
    "registered": {
      "date": "2018-06-03T17:00:05.288Z",
      "age": 7
    },
    "phone": "05-69-53-41-81",
    "cell": "06-08-07-47-78",
    "id": {
      "name": "INSEE",
      "value": "11000186226444 08"
    },
    "picture": {
      "large": "https://randomuser.me/api/portraits/men/63.jpg",
      "medium": "https://randomuser.me/api/portraits/med/men/63.jpg",
      "thumbnail": "https://randomuser.me/api/portraits/thumb/men/63.jpg"
    },
    "nat": "FR"
  },
  {
    "gender": "female",
    "name": {
      "title": "Madame",
      "first": "Francine",
      "last": "Meunier"
    },
    "location": {
      "street": {
        "number": 7711,
        "name": "Rue de L'Abbé-Rousselot"
      },
      "city": "Buttwil",
      "state": "Nidwalden",
      "country": "Switzerland",
      "postcode": 7500,
      "coordinates": {
        "latitude": "-34.6746",
        "longitude": "-80.6126"
      },
      "timezone": {
        "offset": "-6:00",
        "description": "Central Time (US & Canada), Mexico City"
      }
    },
    "email": "francine.meunier@example.com",
    "login": {
      "uuid": "769415e0-adc6-4e0f-a84f-24c7bd620221",
      "username": "heavydog416",
      "password": "treasure",
      "salt": "Jup9nRAN",
      "md5": "fe390f1a752ca9cdab3fb38da10d9dac",
      "sha1": "9407ef43eb77fdea24bcee78b86b9defd796258f",
      "sha256": "06282b7ac26868e1b72eda590961a450b9f9b95b079a80994a61dc53d99a3948"
    },
    "dob": {
      "date": "1952-02-15T16:12:20.939Z",
      "age": 73
    },
    "registered": {
      "date": "2004-09-13T09:11:06.834Z",
      "age": 20
    },
    "phone": "077 068 70 17",
    "cell": "077 754 87 92",
    "id": {
      "name": "AVS",
      "value": "756.8205.6626.26"
    },
    "picture": {
      "large": "https://randomuser.me/api/portraits/women/40.jpg",
      "medium": "https://randomuser.me/api/portraits/med/women/40.jpg",
      "thumbnail": "https://randomuser.me/api/portraits/thumb/women/40.jpg"
    },
    "nat": "CH"
  },
  {
    "gender": "female",
    "name": {
      "title": "Miss",
      "first": "Isabelle",
      "last": "Ryan"
    },
    "location": {
      "street": {
        "number": 5087,
        "name": "Park Road"
      },
      "city": "Stirling",
      "state": "Buckinghamshire",
      "country": "United Kingdom",
      "postcode": "RO86 5JS",
      "coordinates": {
        "latitude": "-6.8160",
        "longitude": "160.6158"
      },
      "timezone": {
        "offset": "-6:00",
        "description": "Central Time (US & Canada), Mexico City"
      }
    },
    "email": "isabelle.ryan@example.com",
    "login": {
      "uuid": "6c5389d0-02f1-4e25-bb43-c76e919e79f6",
      "username": "brownrabbit527",
      "password": "danielle",
      "salt": "j9e6lvTU",
      "md5": "3de7094fd07e7cf6d916b3ee062b9d3a",
      "sha1": "14e5db7a33983c033f0d3ea4be4dc00c322b7101",
      "sha256": "9c94188b6fec78c011a592e7b79e1da4c29f7c588278444cf77163356f097459"
    },
    "dob": {
      "date": "1967-03-21T09:57:23.498Z",
      "age": 58
    },
    "registered": {
      "date": "2020-07-25T09:39:10.883Z",
      "age": 5
    },
    "phone": "016974 61133",
    "cell": "07100 911363",
    "id": {
      "name": "NINO",
      "value": "EM 09 18 46 A"
    },
    "picture": {
      "large": "https://randomuser.me/api/portraits/women/56.jpg",
      "medium": "https://randomuser.me/api/portraits/med/women/56.jpg",
      "thumbnail": "https://randomuser.me/api/portraits/thumb/women/56.jpg"
    },
    "nat": "GB"
  },
  {
    "gender": "male",
    "name": {
      "title": "Mr",
      "first": "کوروش",
      "last": "علیزاده"
    },
    "location": {
      "street": {
        "number": 9125,
        "name": "پارک ولیعصر"
      },
      "city": "اصفهان",
      "state": "زنجان",
      "country": "Iran",
      "postcode": 76857,
      "coordinates": {
        "latitude": "-33.0587",
        "longitude": "-26.2902"
      },
      "timezone": {
        "offset": "-3:00",
        "description": "Brazil, Buenos Aires, Georgetown"
      }
    },
    "email": "khwrwsh.aalyzdh@example.com",
    "login": {
      "uuid": "b9b9edb7-2113-4c94-b8db-cd4f58cce45a",
      "username": "whitegoose651",
      "password": "senator",
      "salt": "MDhWJOuQ",
      "md5": "831db4407ff64e02aa3dda6b59508087",
      "sha1": "290ac5569abbceb4fae76a6a212c48d46068f761",
      "sha256": "1fc6d30975f574db02a381b07bd5bdeef7efd7ee08e1c5dc61ab44707b2935a4"
    },
    "dob": {
      "date": "1961-04-25T07:25:34.597Z",
      "age": 64
    },
    "registered": {
      "date": "2014-01-30T14:19:41.409Z",
      "age": 11
    },
    "phone": "003-40669020",
    "cell": "0928-225-4818",
    "id": {
      "name": "",
      "value": null
    },
    "picture": {
      "large": "https://randomuser.me/api/portraits/men/72.jpg",
      "medium": "https://randomuser.me/api/portraits/med/men/72.jpg",
      "thumbnail": "https://randomuser.me/api/portraits/thumb/men/72.jpg"
    },
    "nat": "IR"
  },
  {
    "gender": "male",
    "name": {
      "title": "Monsieur",
      "first": "Cyril",
      "last": "Jean"
    },
    "location": {
      "street": {
        "number": 138,
        "name": "Avenue Joliot Curie"
      },
      "city": "Wangen (Sz)",
      "state": "Glarus",
      "country": "Switzerland",
      "postcode": 6071,
      "coordinates": {
        "latitude": "-88.8293",
        "longitude": "-128.3719"
      },
      "timezone": {
        "offset": "-3:30",
        "description": "Newfoundland"
      }
    },
    "email": "cyril.jean@example.com",
    "login": {
      "uuid": "d853b688-8549-4e44-a402-3f768a2155e7",
      "username": "lazyzebra976",
      "password": "0000",
      "salt": "7cIJAPgC",
      "md5": "b6a75fbdc4f948416c19f84018b40f7a",
      "sha1": "a2e4284f7c363febb7f65de7b3c1d181b6d2bdc9",
      "sha256": "2a0e303a0a8c8ea91fedd27563c3ffa1ea79aff8f15d0dcd4b072cef6624881e"
    },
    "dob": {
      "date": "1972-09-16T17:02:38.003Z",
      "age": 52
    },
    "registered": {
      "date": "2017-02-03T08:20:48.933Z",
      "age": 8
    },
    "phone": "076 804 21 57",
    "cell": "078 740 07 92",
    "id": {
      "name": "AVS",
      "value": "756.5101.9507.70"
    },
    "picture": {
      "large": "https://randomuser.me/api/portraits/men/88.jpg",
      "medium": "https://randomuser.me/api/portraits/med/men/88.jpg",
      "thumbnail": "https://randomuser.me/api/portraits/thumb/men/88.jpg"
    },
    "nat": "CH"
  },
  {
    "gender": "female",
    "name": {
      "title": "Mrs",
      "first": "Gina",
      "last": "Burton"
    },
    "location": {
      "street": {
        "number": 9749,
        "name": "Cherry St"
      },
      "city": "Paterson",
      "state": "West Virginia",
      "country": "United States",
      "postcode": 27310,
      "coordinates": {
        "latitude": "-38.4773",
        "longitude": "39.0253"
      },
      "timezone": {
        "offset": "-10:00",
        "description": "Hawaii"
      }
    },
    "email": "gina.burton@example.com",
    "login": {
      "uuid": "7632f4f0-21c4-4e22-b823-eb31fe9185ae",
      "username": "happywolf755",
      "password": "mercer",
      "salt": "FAix18Zg",
      "md5": "a5ecee559f932856d2821b5d6cba804d",
      "sha1": "fb27ebb4550b7a79c9c0566cd4f41928dcaa7236",
      "sha256": "d159b0a39e604d37fb0e2403659244c971139093df48c1f88b26eb78458cca4f"
    },
    "dob": {
      "date": "1988-11-06T17:30:57.504Z",
      "age": 36
    },
    "registered": {
      "date": "2008-01-25T07:53:44.632Z",
      "age": 17
    },
    "phone": "(212) 493-7440",
    "cell": "(701) 860-3074",
    "id": {
      "name": "SSN",
      "value": "147-30-1622"
    },
    "picture": {
      "large": "https://randomuser.me/api/portraits/women/91.jpg",
      "medium": "https://randomuser.me/api/portraits/med/women/91.jpg",
      "thumbnail": "https://randomuser.me/api/portraits/thumb/women/91.jpg"
    },
    "nat": "US"
  },
  {
    "gender": "male",
    "name": {
      "title": "Mr",
      "first": "Vilho",
      "last": "Manni"
    },
    "location": {
      "street": {
        "number": 6405,
        "name": "Myllypuronkatu"
      },
      "city": "Karijoki",
      "state": "Southern Savonia",
      "country": "Finland",
      "postcode": 51831,
      "coordinates": {
        "latitude": "83.1590",
        "longitude": "166.5175"
      },
      "timezone": {
        "offset": "+4:30",
        "description": "Kabul"
      }
    },
    "email": "vilho.manni@example.com",
    "login": {
      "uuid": "29201e23-5a65-4061-8621-87b8224b9a8e",
      "username": "goldenbird825",
      "password": "edward",
      "salt": "KSb9QUuu",
      "md5": "93b9ca04eb72c16a8e651afd34f56aca",
      "sha1": "b8ab703efc6b7346fff1c31da76fa5521d3f7f2a",
      "sha256": "b9cd082b491f1ea6aced518d4722b5ee28c9ed975feaebeb638e2d62eb788aef"
    },
    "dob": {
      "date": "1945-05-16T07:21:21.142Z",
      "age": 80
    },
    "registered": {
      "date": "2006-04-18T13:27:37.281Z",
      "age": 19
    },
    "phone": "05-720-294",
    "cell": "040-534-94-90",
    "id": {
      "name": "HETU",
      "value": "NaNNA461undefined"
    },
    "picture": {
      "large": "https://randomuser.me/api/portraits/men/54.jpg",
      "medium": "https://randomuser.me/api/portraits/med/men/54.jpg",
      "thumbnail": "https://randomuser.me/api/portraits/thumb/men/54.jpg"
    },
    "nat": "FI"
  },
  {
    "gender": "male",
    "name": {
      "title": "Mr",
      "first": "Pilar",
      "last": "Laboy"
    },
    "location": {
      "street": {
        "number": 4608,
        "name": "Calzada Norte Madrid"
      },
      "city": "El Roble",
      "state": "Colima",
      "country": "Mexico",
      "postcode": 51422,
      "coordinates": {
        "latitude": "31.1171",
        "longitude": "28.9024"
      },
      "timezone": {
        "offset": "+10:00",
        "description": "Eastern Australia, Guam, Vladivostok"
      }
    },
    "email": "pilar.laboy@example.com",
    "login": {
      "uuid": "5a7aec1b-3b23-4faf-8280-f2d79097f75e",
      "username": "angryladybug124",
      "password": "0101",
      "salt": "HUXevVUG",
      "md5": "87d9ab586b79751da0b3e3436aefeac1",
      "sha1": "c1d0c38c2aeea119c7d9d03a8d805668bed85521",
      "sha256": "3c3ff90e8a9d4f693c4e317dd015b36c0567af874923066d62dc2f0feb60cf3b"
    },
    "dob": {
      "date": "1991-01-30T22:32:35.611Z",
      "age": 34
    },
    "registered": {
      "date": "2019-04-29T09:25:10.705Z",
      "age": 6
    },
    "phone": "(624) 453 6363",
    "cell": "(663) 924 5538",
    "id": {
      "name": "NSS",
      "value": "50 09 61 3884 5"
    },
    "picture": {
      "large": "https://randomuser.me/api/portraits/men/47.jpg",
      "medium": "https://randomuser.me/api/portraits/med/men/47.jpg",
      "thumbnail": "https://randomuser.me/api/portraits/thumb/men/47.jpg"
    },
    "nat": "MX"
  },
  {
    "gender": "male",
    "name": {
      "title": "Mr",
      "first": "Sandor",
      "last": "Hertel"
    },
    "location": {
      "street": {
        "number": 646,
        "name": "Danziger Straße"
      },
      "city": "Porta Westfalica",
      "state": "Bayern",
      "country": "Germany",
      "postcode": 61318,
      "coordinates": {
        "latitude": "78.1437",
        "longitude": "-135.1458"
      },
      "timezone": {
        "offset": "-12:00",
        "description": "Eniwetok, Kwajalein"
      }
    },
    "email": "sandor.hertel@example.com",
    "login": {
      "uuid": "6b971c9a-5acf-4694-9b05-60abe0414c43",
      "username": "happybear279",
      "password": "bonjour",
      "salt": "Tc8wMgT5",
      "md5": "cd720036f17d6a9e07a9bd5216ceebdd",
      "sha1": "eb6c4402dc650ed53d1bad0d14b90ae50c63c74f",
      "sha256": "1e587c3c201091150361d6c98e7829c40940b532e24508f248f3a4db2b96d045"
    },
    "dob": {
      "date": "1958-07-01T19:30:04.477Z",
      "age": 67
    },
    "registered": {
      "date": "2013-12-06T03:45:37.272Z",
      "age": 11
    },
    "phone": "0065-0242684",
    "cell": "0179-8555054",
    "id": {
      "name": "SVNR",
      "value": "52 010758 H 472"
    },
    "picture": {
      "large": "https://randomuser.me/api/portraits/men/18.jpg",
      "medium": "https://randomuser.me/api/portraits/med/men/18.jpg",
      "thumbnail": "https://randomuser.me/api/portraits/thumb/men/18.jpg"
    },
    "nat": "DE"
  },
  {
    "gender": "female",
    "name": {
      "title": "Ms",
      "first": "Oya",
      "last": "Akışık"
    },
    "location": {
      "street": {
        "number": 949,
        "name": "Mevlana Cd"
      },
      "city": "Kars",
      "state": "Tekirdağ",
      "country": "Turkey",
      "postcode": 51043,
      "coordinates": {
        "latitude": "17.7097",
        "longitude": "-26.2260"
      },
      "timezone": {
        "offset": "+5:45",
        "description": "Kathmandu"
      }
    },
    "email": "oya.akisik@example.com",
    "login": {
      "uuid": "d3d21275-01f5-48f0-896a-1707ff7be94e",
      "username": "beautifulwolf636",
      "password": "james",
      "salt": "buqxQbPC",
      "md5": "4e4529abaee835240d2cec8c0a910cc7",
      "sha1": "7017248e88f185357600e9361a0aa946d79851ed",
      "sha256": "d38b3e21fd8d29fb1b841a83d0af2cc425ec0e691e2dd133db91bcf333ae5163"
    },
    "dob": {
      "date": "1962-04-20T21:53:29.095Z",
      "age": 63
    },
    "registered": {
      "date": "2021-03-11T19:43:35.664Z",
      "age": 4
    },
    "phone": "(545)-619-5357",
    "cell": "(729)-158-7778",
    "id": {
      "name": "",
      "value": null
    },
    "picture": {
      "large": "https://randomuser.me/api/portraits/women/96.jpg",
      "medium": "https://randomuser.me/api/portraits/med/women/96.jpg",
      "thumbnail": "https://randomuser.me/api/portraits/thumb/women/96.jpg"
    },
    "nat": "TR"
  },
  {
    "gender": "female",
    "name": {
      "title": "Ms",
      "first": "Elizabeth",
      "last": "Roy"
    },
    "location": {
      "street": {
        "number": 6677,
        "name": "Dundas Rd"
      },
      "city": "Field",
      "state": "Newfoundland and Labrador",
      "country": "Canada",
      "postcode": "H4L 2A0",
      "coordinates": {
        "latitude": "-85.0872",
        "longitude": "-26.0379"
      },
      "timezone": {
        "offset": "-2:00",
        "description": "Mid-Atlantic"
      }
    },
    "email": "elizabeth.roy@example.com",
    "login": {
      "uuid": "328ccb61-0ce3-4831-ae90-bc1fa5181f1a",
      "username": "sadrabbit662",
      "password": "windows",
      "salt": "nFfgaxv1",
      "md5": "2ca3e85b53f2ddc3ec163a7a55a7dfa1",
      "sha1": "8115eda5a188b7ad561183cb4aa42bc6af5e82b0",
      "sha256": "2bdc47dd5627c290ab4b30dcd22faa582e7f0eda0a4131532f0a295f95dd6532"
    },
    "dob": {
      "date": "1994-08-23T13:35:37.135Z",
      "age": 31
    },
    "registered": {
      "date": "2016-03-15T15:21:36.041Z",
      "age": 9
    },
    "phone": "O51 R57-7441",
    "cell": "K68 T62-3886",
    "id": {
      "name": "SIN",
      "value": "453062796"
    },
    "picture": {
      "large": "https://randomuser.me/api/portraits/women/61.jpg",
      "medium": "https://randomuser.me/api/portraits/med/women/61.jpg",
      "thumbnail": "https://randomuser.me/api/portraits/thumb/women/61.jpg"
    },
    "nat": "CA"
  },
  {
    "gender": "female",
    "name": {
      "title": "Ms",
      "first": "Susan",
      "last": "Hoffman"
    },
    "location": {
      "street": {
        "number": 5341,
        "name": "Ormond Quay"
      },
      "city": "Bandon",
      "state": "Carlow",
      "country": "Ireland",
      "postcode": 71455,
      "coordinates": {
        "latitude": "80.6296",
        "longitude": "-110.7568"
      },
      "timezone": {
        "offset": "0:00",
        "description": "Western Europe Time, London, Lisbon, Casablanca"
      }
    },
    "email": "susan.hoffman@example.com",
    "login": {
      "uuid": "8626dfd1-96eb-4c4f-8245-f5b760b02da0",
      "username": "crazygoose457",
      "password": "fruity",
      "salt": "F3XF8xeb",
      "md5": "9c6551360b08b38c649d73213f1c6d2b",
      "sha1": "319f167c182f7ade61c9b68155533e2645d761a7",
      "sha256": "2d3f54d0fbdf7721f999934e41c9a876bce1b47ba55099031062c9a86ac8a47e"
    },
    "dob": {
      "date": "1992-07-23T02:43:22.517Z",
      "age": 33
    },
    "registered": {
      "date": "2002-08-10T04:24:12.762Z",
      "age": 23
    },
    "phone": "071-902-1108",
    "cell": "081-444-8507",
    "id": {
      "name": "PPS",
      "value": "7930561T"
    },
    "picture": {
      "large": "https://randomuser.me/api/portraits/women/25.jpg",
      "medium": "https://randomuser.me/api/portraits/med/women/25.jpg",
      "thumbnail": "https://randomuser.me/api/portraits/thumb/women/25.jpg"
    },
    "nat": "IE"
  }
]