[
  {
    "gender": "male",
    "name": {
      "title": "Mr",
      "first": "Daniel",
      "last": "Kauppila"
    },
    "location": {
      "street": {
        "number": 2588,
        "name": "Korkeavuorenkatu"
      },
      "city": "Pargas",
      "state": "Finland Proper",
      "country": "Finland",
      "postcode": 49173,
      "coordinates": {
        "latitude": "-21.6729",
        "longitude": "-12.9891"
      },
      "timezone": {
        "offset": "-12:00",
        "description": "Eniwetok, Kwajalein"
      }
    },
    "email": "daniel.kauppila@example.com",
    "login": {
      "uuid": "24045926-8a67-4a4b-a9fd-14c65d2cc4c1",
      "username": "yellowswan187",
      "password": "marquis",
      "salt": "GOyCQpU3",
      "md5": "046eff35cc84c384adff2b4413ac173d",
      "sha1": "04bfe176466b96004782d4bc89ce8b4835f4a6d1",
      "sha256": "27031746203e3338fd3922c2181e12a2435c4d78b7539b4f2e425f3df482d992"
    },
    "dob": {
      "date": "1959-09-16T03:18:48.154Z",
      "age": 65
    },
    "registered": {
      "date": "2018-06-05T00:47:40.257Z",
      "age": 7
    },
    "phone": "04-817-727",
    "cell": "041-882-72-66",
    "id": {
      "name": "HETU",
      "value": "NaNNA973undefined"
    },
    "picture": {
      "large": "https://randomuser.me/api/portraits/men/41.jpg",
      "medium": "https://randomuser.me/api/portraits/med/men/41.jpg",
      "thumbnail": "https://randomuser.me/api/portraits/thumb/men/41.jpg"
    },
    "nat": "FI"
  },
  {
    "gender": "female",
    "name": {
      "title": "Ms",
      "first": "Hazel",
      "last": "Zhang"
    },
    "location": {
      "street": {
        "number": 4751,
        "name": "Nelson Street"
      },
      "city": "Whangarei",
      "state": "West Coast",
      "country": "New Zealand",
      "postcode": 50132,
      "coordinates": {
        "latitude": "56.3353",
        "longitude": "137.0813"
      },
      "timezone": {
        "offset": "-2:00",
        "description": "Mid-Atlantic"
      }
    },
    "email": "hazel.zhang@example.com",
    "login": {
      "uuid": "3c3b9fc6-cc6f-4e67-9ff7-0f7064d70bea",
      "username": "sadtiger679",
      "password": "888888",
      "salt": "b8Eays1B",
      "md5": "f6b0c5d3f650f04238433d0c7a602270",
      "sha1": "d09546afd718dff30eac8a7f564a6d18dd806c0f",
      "sha256": "9c883de0d25ee63981b06ed3f7c3f986dbfbea93ca0988a392f7eb36aab88a7b"
    },
    "dob": {
      "date": "1997-12-28T11:23:34.105Z",
      "age": 27
    },
    "registered": {
      "date": "2020-09-17T15:30:43.293Z",
      "age": 4
    },
    "phone": "(896)-569-5849",
    "cell": "(080)-359-9762",
    "id": {
      "name": "",
      "value": null
    },
    "picture": {
      "large": "https://randomuser.me/api/portraits/women/46.jpg",
      "medium": "https://randomuser.me/api/portraits/med/women/46.jpg",
      "thumbnail": "https://randomuser.me/api/portraits/thumb/women/46.jpg"
    },
    "nat": "NZ"
  },
  {
    "gender": "male",
    "name": {
      "title": "Mr",
      "first": "Necati",
      "last": "Tazegül"
    },
    "location": {
      "street": {
        "number": 8061,
        "name": "Vatan Cd"
      },
      "city": "Isparta",
      "state": "Gümüşhane",
      "country": "Turkey",
      "postcode": 96134,
      "coordinates": {
        "latitude": "79.1684",
        "longitude": "150.0380"
      },
      "timezone": {
        "offset": "-11:00",
        "description": "Midway Island, Samoa"
      }
    },
    "email": "necati.tazegul@example.com",
    "login": {
      "uuid": "7dfa89e9-d6e0-4d15-8ffc-b3d7bc0cf65f",
      "username": "lazybutterfly625",
      "password": "philips",
      "salt": "BgxJdUX6",
      "md5": "56e442ee8943f22822b51e103cf33505",
      "sha1": "53c2898d0b5db87ff2a2fa8f37f5c7647c0d9e1f",
      "sha256": "d932c8abc9bc39cdea3d81eb1d6f40be79be275d74197813fd7a1e6b801cc3b3"
    },
    "dob": {
      "date": "1966-09-13T06:55:05.427Z",
      "age": 58
    },
    "registered": {
      "date": "2012-07-10T14:27:38.112Z",
      "age": 13
    },
    "phone": "(232)-615-5774",
    "cell": "(306)-587-4080",
    "id": {
      "name": "",
      "value": null
    },
    "picture": {
      "large": "https://randomuser.me/api/portraits/men/69.jpg",
      "medium": "https://randomuser.me/api/portraits/med/men/69.jpg",
      "thumbnail": "https://randomuser.me/api/portraits/thumb/men/69.jpg"
    },
    "nat": "TR"
  },
  {
    "gender": "female",
    "name": {
      "title": "Madame",
      "first": "Jelena",
      "last": "Richard"
    },
    "location": {
      "street": {
        "number": 1606,
        "name": "Rue Laure-Diebold"
      },
      "city": "Felsberg",
      "state": "Nidwalden",
      "country": "Switzerland",
      "postcode": 6329,
      "coordinates": {
        "latitude": "-9.8731",
        "longitude": "-140.6564"
      },
      "timezone": {
        "offset": "-12:00",
        "description": "Eniwetok, Kwajalein"
      }
    },
    "email": "jelena.richard@example.com",
    "login": {
      "uuid": "690cceb8-1968-4b45-bb29-9cc751a8db61",
      "username": "beautifulgoose464",
      "password": "fishin",
      "salt": "Y19IhZIS",
      "md5": "6c6d15159d02d58493ae459990ccbcd4",
      "sha1": "5c47da1a24012f691dd7b9537710e75b1325c39a",
      "sha256": "467b7dc3a286e13cdb20d7ba8c04a77616c969dadece0b59057f6348cc1e7c18"
    },
    "dob": {
      "date": "1970-01-10T09:03:58.839Z",
      "age": 55
    },
    "registered": {
      "date": "2020-05-21T10:30:08.499Z",
      "age": 5
    },
    "phone": "077 287 66 70",
    "cell": "078 191 94 72",
    "id": {
      "name": "AVS",
      "value": "756.7174.7466.08"
    },
    "picture": {
      "large": "https://randomuser.me/api/portraits/women/72.jpg",
      "medium": "https://randomuser.me/api/portraits/med/women/72.jpg",
      "thumbnail": "https://randomuser.me/api/portraits/thumb/women/72.jpg"
    },
    "nat": "CH"
  },
  {
    "gender": "male",
    "name": {
      "title": "Mr",
      "first": "Samuel",
      "last": "Walker"
    },
    "location": {
      "street": {
        "number": 4377,
        "name": "22nd Ave"
      },
      "city": "Tecumseh",
      "state": "British Columbia",
      "country": "Canada",
      "postcode": "H1T 8X0",
      "coordinates": {
        "latitude": "66.8891",
        "longitude": "-179.6289"
      },
      "timezone": {
        "offset": "-3:00",
        "description": "Brazil, Buenos Aires, Georgetown"
      }
    },
    "email": "samuel.walker@example.com",
    "login": {
      "uuid": "2f7dd02e-48cd-4df8-9d8b-51567ebc973d",
      "username": "organicmeercat186",
      "password": "koko",
      "salt": "ApXXjhws",
      "md5": "b426f1e9eff2a5290a662c574ae0ed7a",
      "sha1": "5eb92516fe84cae91d4a0df927759564a05be5d6",
      "sha256": "56fd73b749a22f30ff6c8a40fdedfdfc6a48c40a8c0a548df6c6aac26c11abcf"
    },
    "dob": {
      "date": "1991-04-25T23:39:26.496Z",
      "age": 34
    },
    "registered": {
      "date": "2005-10-27T12:48:14.223Z",
      "age": 19
    },
    "phone": "T45 L19-5422",
    "cell": "O54 V77-4967",
    "id": {
      "name": "SIN",
      "value": "336604269"
    },
    "picture": {
      "large": "https://randomuser.me/api/portraits/men/89.jpg",
      "medium": "https://randomuser.me/api/portraits/med/men/89.jpg",
      "thumbnail": "https://randomuser.me/api/portraits/thumb/men/89.jpg"
    },
    "nat": "CA"
  },
  {
    "gender": "male",
    "name": {
      "title": "Mr",
      "first": "Heinz Dieter",
      "last": "Zabel"
    },
    "location": {
      "street": {
        "number": 8119,
        "name": "Buchenweg"
      },
      "city": "Neustadt am Kulm",
      "state": "Sachsen-Anhalt",
      "country": "Germany",
      "postcode": 76406,
      "coordinates": {
        "latitude": "-53.3427",
        "longitude": "-104.0649"
      },
      "timezone": {
        "offset": "+7:00",
        "description": "Bangkok, Hanoi, Jakarta"
      }
    },
    "email": "heinzdieter.zabel@example.com",
    "login": {
      "uuid": "6fcc39db-e426-43d7-a952-6fd47f4bfc7f",
      "username": "greencat459",
      "password": "markie",
      "salt": "4tlxm1B7",
      "md5": "e1c40d4a3eed9f4c9e617203df3e7647",
      "sha1": "48c32283d288d08899b43455a4e3b068088a7f7e",
      "sha256": "3950d34d2849c5d02bf247c5633bc7a39832e327c8c3a37f0f666cdc01466eb5"
    },
    "dob": {
      "date": "2000-04-27T22:56:22.437Z",
      "age": 25
    },
    "registered": {
      "date": "2018-12-31T14:33:18.140Z",
      "age": 6
    },
    "phone": "0492-6974959",
    "cell": "0173-0117419",
    "id": {
      "name": "SVNR",
      "value": "40 2704100 Z 446"
    },
    "picture": {
      "large": "https://randomuser.me/api/portraits/men/29.jpg",
      "medium": "https://randomuser.me/api/portraits/med/men/29.jpg",
      "thumbnail": "https://randomuser.me/api/portraits/thumb/men/29.jpg"
    },
    "nat": "DE"
  },
  {
    "gender": "male",
    "name": {
      "title": "Mr",
      "first": "Ritthy",
      "last": "Myers"
    },
    "location": {
      "street": {
        "number": 1053,
        "name": "E Pecan St"
      },
      "city": "Oxnard",
      "state": "Ohio",
      "country": "United States",
      "postcode": 57709,
      "coordinates": {
        "latitude": "14.5621",
        "longitude": "144.5155"
      },
      "timezone": {
        "offset": "+3:00",
        "description": "Baghdad, Riyadh, Moscow, St. Petersburg"
      }
    },
    "email": "ritthy.myers@example.com",
    "login": {
      "uuid": "5022b72f-5eaf-43ca-913a-b873d1799368",
      "username": "lazygoose479",
      "password": "greatone",
      "salt": "BmZeDJLn",
      "md5": "941771833a4e530ed44c81608b906922",
      "sha1": "a051a2cb009585431afcc81b4584afb024a4e011",
      "sha256": "52ee8626fdb64954959398638f738c602676f0044a26fddbf0b98618aa637541"
    },
    "dob": {
      "date": "1974-10-10T03:56:52.975Z",
      "age": 50
    },
    "registered": {
      "date": "2018-05-24T02:19:35.963Z",
      "age": 7
    },
    "phone": "(709) 277-4926",
    "cell": "(804) 912-7322",
    "id": {
      "name": "SSN",
      "value": "213-01-1957"
    },
    "picture": {
      "large": "https://randomuser.me/api/portraits/men/64.jpg",
      "medium": "https://randomuser.me/api/portraits/med/men/64.jpg",
      "thumbnail": "https://randomuser.me/api/portraits/thumb/men/64.jpg"
    },
    "nat": "US"
  },
  {
    "gender": "male",
    "name": {
      "title": "Mr",
      "first": "Mathias",
      "last": "Chevalier"
    },
    "location": {
      "street": {
        "number": 6658,
        "name": "Rue Principale"
      },
      "city": "Nancy",
      "state": "Pas-de-Calais",
      "country": "France",
      "postcode": 13188,
      "coordinates": {
        "latitude": "-21.1760",
        "longitude": "-28.3821"
      },
      "timezone": {
        "offset": "+1:00",
        "description": "Brussels, Copenhagen, Madrid, Paris"
      }
    },
    "email": "mathias.chevalier@example.com",
    "login": {
      "uuid": "8caa0f1b-b6e3-49d0-be23-c543325022f8",
      "username": "purplezebra832",
      "password": "maximum",
      "salt": "P7lJYGUI",
      "md5": "6a179f726b9c653a72b07322942bc5b0",
      "sha1": "fc316f9afa4b741e0304bcb00b8ee06902ce346e",
      "sha256": "c8f7340fa5bca50256917aa1fb07e903a67a7e1a893063b97507bc9e59635e09"
    },
    "dob": {
      "date": "1955-11-21T19:58:11.753Z",
      "age": 69
    },
    "registered": {
      "date": "2015-10-02T18:36:59.194Z",
      "age": 9
    },
    "phone": "04-29-58-70-95",
    "cell": "06-86-05-60-01",
    "id": {
      "name": "INSEE",
      "value": "1551057116223 30"
    },
    "picture": {
      "large": "https://randomuser.me/api/portraits/men/93.jpg",
      "medium": "https://randomuser.me/api/portraits/med/men/93.jpg",
      "thumbnail": "https://randomuser.me/api/portraits/thumb/men/93.jpg"
    },
    "nat": "FR"
  },
  {
    "gender": "female",
    "name": {
      "title": "Ms",
      "first": "Sedef",
      "last": "Kaya"
    },
    "location": {
      "street": {
        "number": 7826,
        "name": "Doktorlar Cd"
      },
      "city": "Batman",
      "state": "Kırklareli",
      "country": "Turkey",
      "postcode": 44966,
      "coordinates": {
        "latitude": "41.9914",
        "longitude": "-26.7380"
      },
      "timezone": {
        "offset": "+5:00",
        "description": "Ekaterinburg, Islamabad, Karachi, Tashkent"
      }
    },
    "email": "sedef.kaya@example.com",
    "login": {
      "uuid": "5927af8c-0af2-49d8-899a-fd3aec4f8cb1",
      "username": "yellowostrich367",
      "password": "1212",
      "salt": "BhaUK37y",
      "md5": "f0113bda45113ae91607af16aa71e949",
      "sha1": "40f552eb5e92b00463d1d75a09f01345b9104182",
      "sha256": "04a56e01c2667db1416273d0cd8325570b7441723314d5b0573a818185924497"
    },
    "dob": {
      "date": "1955-07-09T10:49:01.760Z",
      "age": 70
    },
    "registered": {
      "date": "2005-01-16T11:29:27.044Z",
      "age": 20
    },
    "phone": "(134)-882-3970",
    "cell": "(682)-640-3607",
    "id": {
      "name": "",
      "value": null
    },
    "picture": {
      "large": "https://randomuser.me/api/portraits/women/36.jpg",
      "medium": "https://randomuser.me/api/portraits/med/women/36.jpg",
      "thumbnail": "https://randomuser.me/api/portraits/thumb/women/36.jpg"
    },
    "nat": "TR"
  },
  {
    "gender": "male",
    "name": {
      "title": "Monsieur",
      "first": "Yvan",
      "last": "Lacroix"
    },
    "location": {
      "street": {
        "number": 736,
        "name": "Avenue du Fort-Caire"
      },
      "city": "Semsales",
      "state": "Luzern",
      "country": "Switzerland",
      "postcode": 6158,
      "coordinates": {
        "latitude": "78.3035",
        "longitude": "0.2352"
      },
      "timezone": {
        "offset": "-9:00",
        "description": "Alaska"
      }
    },
    "email": "yvan.lacroix@example.com",
    "login": {
      "uuid": "da09a101-8b22-4933-8e8e-7fac2e76710b",
      "username": "bluepanda292",
      "password": "donovan",
      "salt": "pPWkOSyy",
      "md5": "c7ffff3f67df66ddb4a35fddade9087f",
      "sha1": "787d7dcbd8df257beb4ef3c3532ad464f4e4534b",
      "sha256": "96ca055aa8674731dc244b6084abe6134b46ce2aabca4253ae93d77576bfcb30"
    },
    "dob": {
      "date": "1967-02-10T13:21:06.702Z",
      "age": 58
    },
    "registered": {
      "date": "2008-12-28T04:41:48.340Z",
      "age": 16
    },
    "phone": "078 364 67 12",
    "cell": "075 934 34 00",
    "id": {
      "name": "AVS",
      "value": "756.8500.3872.44"
    },
    "picture": {
      "large": "https://randomuser.me/api/portraits/men/42.jpg",
      "medium": "https://randomuser.me/api/portraits/med/men/42.jpg",
      "thumbnail": "https://randomuser.me/api/portraits/thumb/men/42.jpg"
    },
    "nat": "CH"
  },
  {
    "gender": "female",
    "name": {
      "title": "Mrs",
      "first": "Maja",
      "last": "Thomsen"
    },
    "location": {
      "street": {
        "number": 7385,
        "name": "Klitvej"
      },
      "city": "Jystrup",
      "state": "Syddanmark",
      "country": "Denmark",
      "postcode": 59987,
      "coordinates": {
        "latitude": "-40.6342",
        "longitude": "179.5334"
      },
      "timezone": {
        "offset": "-4:00",
        "description": "Atlantic Time (Canada), Caracas, La Paz"
      }
    },
    "email": "maja.thomsen@example.com",
    "login": {
      "uuid": "9f74b65f-8975-4a4d-bc9a-5267d5ef5407",
      "username": "purplegoose216",
      "password": "monique",
      "salt": "JDwNsZmW",
      "md5": "7f1e6ef4f78f16fa84af61976df014d4",
      "sha1": "3fec282e0927be727b1c575c02dc7b6458237efa",
      "sha256": "5dcd0e6e2eb053fe93d8ffce3fab69ec4db20eb087e8815cdc8bb2ecbb76a325"
    },
    "dob": {
      "date": "1968-10-02T19:02:16.026Z",
      "age": 56
    },
    "registered": {
      "date": "2011-11-22T21:45:18.532Z",
      "age": 13
    },
    "phone": "38933045",
    "cell": "72596994",
    "id": {
      "name": "CPR",
      "value": "021068-1638"
    },
    "picture": {
      "large": "https://randomuser.me/api/portraits/women/80.jpg",
      "medium": "https://randomuser.me/api/portraits/med/women/80.jpg",
      "thumbnail": "https://randomuser.me/api/portraits/thumb/women/80.jpg"
    },
    "nat": "DK"
  },
  {
    "gender": "male",
    "name": {
      "title": "Mr",
      "first": "آرمین",
      "last": "احمدی"
    },
    "location": {
      "street": {
        "number": 8938,
        "name": "ستارخان"
      },
      "city": "بجنورد",
      "state": "خراسان رضوی",
      "country": "Iran",
      "postcode": 79652,
      "coordinates": {
        "latitude": "1.5766",
        "longitude": "96.7883"
      },
      "timezone": {
        "offset": "+4:30",
        "description": "Kabul"
      }
    },
    "email": "armyn.hmdy@example.com",
    "login": {
      "uuid": "38ebee61-95d9-4110-ae53-5c2aa3a4c39b",
      "username": "sadzebra748",
      "password": "misty",
      "salt": "jQPoPsXn",
      "md5": "a89dd71147812f855267562f0cf1b919",
      "sha1": "45bf7eadfcac9755989a68335f68ef961e829c33",
      "sha256": "3f45ce8937c518ee6fdc8dff1a560668800d6b233d3d324496034f7bafb59264"
    },
    "dob": {
      "date": "1953-05-05T15:45:55.345Z",
      "age": 72
    },
    "registered": {
      "date": "2010-10-23T21:29:48.535Z",
      "age": 14
    },
    "phone": "096-02516556",
    "cell": "0949-579-0501",
    "id": {
      "name": "",
      "value": null
    },
    "picture": {
      "large": "https://randomuser.me/api/portraits/men/84.jpg",
      "medium": "https://randomuser.me/api/portraits/med/men/84.jpg",
      "thumbnail": "https://randomuser.me/api/portraits/thumb/men/84.jpg"
    },
    "nat": "IR"
  },
  {
    "gender": "female",
    "name": {
      "title": "Ms",
      "first": "یاسمین",
      "last": "کریمی"
    },
    "location": {
      "street": {
        "number": 9401,
        "name": "میرداماد"
      },
      "city": "بروجرد",
      "state": "کرمانشاه",
      "country": "Iran",
      "postcode": 24708,
      "coordinates": {
        "latitude": "85.4513",
        "longitude": "79.3945"
      },
      "timezone": {
        "offset": "+6:00",
        "description": "Almaty, Dhaka, Colombo"
      }
    },
    "email": "ysmyn.khrymy@example.com",
    "login": {
      "uuid": "26dfa048-2988-4a7f-8ce0-9029cfdecfc3",
      "username": "orangekoala857",
      "password": "husband",
      "salt": "3jHGvf3h",
      "md5": "2f8bd79b667c065417c2ae6842bd5a76",
      "sha1": "c4b1f384d79a3bc7be2b82f8cb92e0717e479476",
      "sha256": "de9c3108370ead020235d839d3e91a8c1c10b5e9b0cc3abcb333304a7f5b933f"
    },
    "dob": {
      "date": "1966-05-26T10:11:00.413Z",
      "age": 59
    },
    "registered": {
      "date": "2016-06-20T22:30:17.871Z",
      "age": 9
    },
    "phone": "086-00795199",
    "cell": "0954-156-6146",
    "id": {
      "name": "",
      "value": null
    },
    "picture": {
      "large": "https://randomuser.me/api/portraits/women/88.jpg",
      "medium": "https://randomuser.me/api/portraits/med/women/88.jpg",
      "thumbnail": "https://randomuser.me/api/portraits/thumb/women/88.jpg"
    },
    "nat": "IR"
  },
  {
    "gender": "male",
    "name": {
      "title": "Mr",
      "first": "Armelim",
      "last": "Duarte"
    },
    "location": {
      "street": {
        "number": 4646,
        "name": "Beco dos Namorados"
      },
      "city": "Cubatão",
      "state": "Minas Gerais",
      "country": "Brazil",
      "postcode": 35841,
      "coordinates": {
        "latitude": "63.0516",
        "longitude": "-121.1649"
      },
      "timezone": {
        "offset": "-11:00",
        "description": "Midway Island, Samoa"
      }
    },
    "email": "armelim.duarte@example.com",
    "login": {
      "uuid": "e28851e1-786d-46be-9a00-bf92fe9638aa",
      "username": "greenrabbit418",
      "password": "dawg",
      "salt": "LgT6oJt2",
      "md5": "c88ac6160248f3f192ac2a4b6eb4745a",
      "sha1": "23652af0f4fcd8120f090bd4e44429f292f39d3d",
      "sha256": "f20ddd4163d3d6e8c436fd9b747adb9c2fb6589dce3d6cabd95ede7eceab09f1"
    },
    "dob": {
      "date": "1970-11-29T23:59:52.434Z",
      "age": 54
    },
    "registered": {
      "date": "2022-04-22T13:00:52.828Z",
      "age": 3
    },
    "phone": "(26) 6701-4156",
    "cell": "(86) 7922-5430",
    "id": {
      "name": "CPF",
      "value": "708.967.368-66"
    },
    "picture": {
      "large": "https://randomuser.me/api/portraits/men/47.jpg",
      "medium": "https://randomuser.me/api/portraits/med/men/47.jpg",
      "thumbnail": "https://randomuser.me/api/portraits/thumb/men/47.jpg"
    },
    "nat": "BR"
  },
  {
    "gender": "male",
    "name": {
      "title": "Mr",
      "first": "Milovan",
      "last": "Radović"
    },
    "location": {
      "street": {
        "number": 8135,
        "name": "Šavnička"
      },
      "city": "Kosjerić",
      "state": "North Banat",
      "country": "Serbia",
      "postcode": 81278,
      "coordinates": {
        "latitude": "-55.1335",
        "longitude": "-28.7609"
      },
      "timezone": {
        "offset": "-2:00",
        "description": "Mid-Atlantic"
      }
    },
    "email": "milovan.radovic@example.com",
    "login": {
      "uuid": "b1526071-4749-41be-b95d-46c57f74aab0",
      "username": "whiteladybug468",
      "password": "wheels",
      "salt": "dsRVm6p2",
      "md5": "e9210ae8385086209edca136e5fb6f78",
      "sha1": "aee35a61aa37c4d42838b6369ad8b8e73e58c9fa",
      "sha256": "c5d0e2305bdc41064782b37ea4c2a632af1b2d6c9bd04d94267426a4f6aabc75"
    },
    "dob": {
      "date": "1988-07-08T15:32:26.581Z",
      "age": 37
    },
    "registered": {
      "date": "2015-04-07T06:16:50.678Z",
      "age": 10
    },
    "phone": "016-2720-037",
    "cell": "063-6035-948",
    "id": {
      "name": "SID",
      "value": "745818269"
    },
    "picture": {
      "large": "https://randomuser.me/api/portraits/men/17.jpg",
      "medium": "https://randomuser.me/api/portraits/med/men/17.jpg",
      "thumbnail": "https://randomuser.me/api/portraits/thumb/men/17.jpg"
    },
    "nat": "RS"
  }
]