[
  {
    "gender": "female",
    "name": {
      "title": "Mrs",
      "first": "Rose",
      "last": "Beck"
    },
    "location": {
      "street": {
        "number": 7577,
        "name": "Albert Road"
      },
      "city": "Cambridge",
      "state": "Fife",
      "country": "United Kingdom",
      "postcode": "O1T 4PE",
      "coordinates": {
        "latitude": "-5.1411",
        "longitude": "176.8734"
      },
      "timezone": {
        "offset": "+4:00",
        "description": "Abu Dhabi, Muscat, Baku, Tbilisi"
      }
    },
    "email": "rose.beck@example.com",
    "login": {
      "uuid": "c079c025-1b7a-4985-ad98-8822e111b956",
      "username": "lazylion555",
      "password": "movie",
      "salt": "SDOKGuyZ",
      "md5": "ba1bc4bef6c09375574321a961fd8173",
      "sha1": "708ce928135e67eb94a1b20ac9a6dab9537d9bdb",
      "sha256": "a8e5004af4c6a3f932a366f9cfe850114054a597c690dc832beb2adeebf99e23"
    },
    "dob": {
      "date": "1954-05-22T23:34:18.933Z",
      "age": 71
    },
    "registered": {
      "date": "2005-04-15T14:19:04.791Z",
      "age": 20
    },
    "phone": "016973 62597",
    "cell": "07797 884362",
    "id": {
      "name": "NINO",
      "value": "ZT 11 79 57 H"
    },
    "picture": {
      "large": "https://randomuser.me/api/portraits/women/85.jpg",
      "medium": "https://randomuser.me/api/portraits/med/women/85.jpg",
      "thumbnail": "https://randomuser.me/api/portraits/thumb/women/85.jpg"
    },
    "nat": "GB"
  },
  {
    "gender": "female",
    "name": {
      "title": "Miss",
      "first": "Carlotta",
      "last": "Breuker"
    },
    "location": {
      "street": {
        "number": 1488,
        "name": "Kuipersveer"
      },
      "city": "Oentsjerk",
      "state": "Flevoland",
      "country": "Netherlands",
      "postcode": "5700 DG",
      "coordinates": {
        "latitude": "20.3801",
        "longitude": "-72.1975"
      },
      "timezone": {
        "offset": "+9:30",
        "description": "Adelaide, Darwin"
      }
    },
    "email": "carlotta.breuker@example.com",
    "login": {
      "uuid": "1092fffe-70b1-4ba4-8317-a7beca4092dd",
      "username": "purplebird879",
      "password": "pascal",
      "salt": "l8hIE2Sh",
      "md5": "1ac669530dcd22eaf1c297031660d366",
      "sha1": "2b71223be4158d094db8639abe36be13db1418dc",
      "sha256": "7accd03425c17ac29a8d6c349642699c09cefa9aaa9fc7670c83605644f60099"
    },
    "dob": {
      "date": "1960-10-06T10:22:36.223Z",
      "age": 64
    },
    "registered": {
      "date": "2012-07-21T01:52:44.433Z",
      "age": 13
    },
    "phone": "(055) 0124676",
    "cell": "(06) 36729198",
    "id": {
      "name": "BSN",
      "value": "33047374"
    },
    "picture": {
      "large": "https://randomuser.me/api/portraits/women/43.jpg",
      "medium": "https://randomuser.me/api/portraits/med/women/43.jpg",
      "thumbnail": "https://randomuser.me/api/portraits/thumb/women/43.jpg"
    },
    "nat": "NL"
  },
  {
    "gender": "male",
    "name": {
      "title": "Mr",
      "first": "سهیل",
      "last": "صدر"
    },
    "location": {
      "street": {
        "number": 5981,
        "name": "کارگر"
      },
      "city": "اصفهان",
      "state": "بوشهر",
      "country": "Iran",
      "postcode": 65316,
      "coordinates": {
        "latitude": "53.8843",
        "longitude": "-15.5039"
      },
      "timezone": {
        "offset": "-10:00",
        "description": "Hawaii"
      }
    },
    "email": "shyl.sdr@example.com",
    "login": {
      "uuid": "27115a57-185b-498a-848b-a38fbb255bc4",
      "username": "organicostrich696",
      "password": "wrench",
      "salt": "GtXWo7uR",
      "md5": "e584683f3b23470c38543f2dc94898eb",
      "sha1": "ecd6a713f5c64af639d89050bcb0e75c49fefc85",
      "sha256": "19db5484cad21e4041a43033c8e8b21bb1a0efbedcb48e6fb6c8cf7295f8b626"
    },
    "dob": {
      "date": "1960-01-15T22:20:17.363Z",
      "age": 65
    },
    "registered": {
      "date": "2016-01-06T19:59:31.557Z",
      "age": 9
    },
    "phone": "057-26994163",
    "cell": "0971-363-1623",
    "id": {
      "name": "",
      "value": null
    },
    "picture": {
      "large": "https://randomuser.me/api/portraits/men/73.jpg",
      "medium": "https://randomuser.me/api/portraits/med/men/73.jpg",
      "thumbnail": "https://randomuser.me/api/portraits/thumb/men/73.jpg"
    },
    "nat": "IR"
  },
  {
    "gender": "male",
    "name": {
      "title": "Mr",
      "first": "Elijah",
      "last": "Obrien"
    },
    "location": {
      "street": {
        "number": 7123,
        "name": "Northaven Rd"
      },
      "city": "Hobart",
      "state": "Australian Capital Territory",
      "country": "Australia",
      "postcode": 6244,
      "coordinates": {
        "latitude": "38.6907",
        "longitude": "-75.5139"
      },
      "timezone": {
        "offset": "+6:00",
        "description": "Almaty, Dhaka, Colombo"
      }
    },
    "email": "elijah.obrien@example.com",
    "login": {
      "uuid": "34e6d093-9c64-4d14-a589-6d36e3d0e00e",
      "username": "tinywolf637",
      "password": "aardvark",
      "salt": "zVCxXFYe",
      "md5": "b06e6f561ae45cd5eb71aa876df2334f",
      "sha1": "f7243630c04d62ee56b5896e7bd7c5e958a45bdf",
      "sha256": "30f2adccdc2f7ea714e68241e6122a50aed1164c554362959004128a5fd8db6f"
    },
    "dob": {
      "date": "1979-03-31T13:29:18.620Z",
      "age": 46
    },
    "registered": {
      "date": "2016-02-07T15:36:04.751Z",
      "age": 9
    },
    "phone": "00-3344-0328",
    "cell": "0411-764-237",
    "id": {
      "name": "TFN",
      "value": "761677190"
    },
    "picture": {
      "large": "https://randomuser.me/api/portraits/men/42.jpg",
      "medium": "https://randomuser.me/api/portraits/med/men/42.jpg",
      "thumbnail": "https://randomuser.me/api/portraits/thumb/men/42.jpg"
    },
    "nat": "AU"
  },
  {
    "gender": "female",
    "name": {
      "title": "Miss",
      "first": "Sophia",
      "last": "Thompson"
    },
    "location": {
      "street": {
        "number": 6069,
        "name": "Fenton Street"
      },
      "city": "Porirua",
      "state": "Wellington",
      "country": "New Zealand",
      "postcode": 64554,
      "coordinates": {
        "latitude": "29.9079",
        "longitude": "-133.6876"
      },
      "timezone": {
        "offset": "+1:00",
        "description": "Brussels, Copenhagen, Madrid, Paris"
      }
    },
    "email": "sophia.thompson@example.com",
    "login": {
      "uuid": "98bfbee7-5a4b-40b8-b691-7956d36fa485",
      "username": "brownelephant435",
      "password": "luckyone",
      "salt": "pfaouSif",
      "md5": "0a98b26777d22b67a34a5f7740e2a58d",
      "sha1": "01c9b8e82ad007f2c8a2674f0eb3cd5d59a5d1eb",
      "sha256": "bf89dce46789e5aad8bf57286c1bf2300220a49d10f3615d6745f4108fc3c024"
    },
    "dob": {
      "date": "1944-10-28T04:15:16.714Z",
      "age": 80
    },
    "registered": {
      "date": "2005-07-07T06:53:59.636Z",
      "age": 20
    },
    "phone": "(250)-035-6307",
    "cell": "(442)-465-0118",
    "id": {
      "name": "",
      "value": null
    },
    "picture": {
      "large": "https://randomuser.me/api/portraits/women/94.jpg",
      "medium": "https://randomuser.me/api/portraits/med/women/94.jpg",
      "thumbnail": "https://randomuser.me/api/portraits/thumb/women/94.jpg"
    },
    "nat": "NZ"
  },
  {
    "gender": "male",
    "name": {
      "title": "Mr",
      "first": "عباس",
      "last": "پارسا"
    },
    "location": {
      "street": {
        "number": 7353,
        "name": "شورا"
      },
      "city": "نیشابور",
      "state": "بوشهر",
      "country": "Iran",
      "postcode": 96028,
      "coordinates": {
        "latitude": "20.3851",
        "longitude": "-126.2095"
      },
      "timezone": {
        "offset": "+10:00",
        "description": "Eastern Australia, Guam, Vladivostok"
      }
    },
    "email": "aabs.prs@example.com",
    "login": {
      "uuid": "9ceb8c3f-3c47-4a4c-b4c3-12065335ff5c",
      "username": "smallduck196",
      "password": "contains",
      "salt": "mWtDOrX0",
      "md5": "a6c39ec28fca3a23d89ff9179c6178a3",
      "sha1": "dcc96f20e55adf6afc5cc5e612cf0cb802e363f4",
      "sha256": "0c685ec16b54a7c6cd49c83f6e47371e6fdb6c7b1a2f605be3575b6043f66ce4"
    },
    "dob": {
      "date": "1951-10-04T20:29:12.280Z",
      "age": 73
    },
    "registered": {
      "date": "2003-06-15T12:52:57.112Z",
      "age": 22
    },
    "phone": "032-23993702",
    "cell": "0958-435-7010",
    "id": {
      "name": "",
      "value": null
    },
    "picture": {
      "large": "https://randomuser.me/api/portraits/men/40.jpg",
      "medium": "https://randomuser.me/api/portraits/med/men/40.jpg",
      "thumbnail": "https://randomuser.me/api/portraits/thumb/men/40.jpg"
    },
    "nat": "IR"
  },
  {
    "gender": "male",
    "name": {
      "title": "Mr",
      "first": "Torbjørn",
      "last": "Gjerde"
    },
    "location": {
      "street": {
        "number": 672,
        "name": "Lillebergveien"
      },
      "city": "Svarstad",
      "state": "Vest-Agder",
      "country": "Norway",
      "postcode": "6095",
      "coordinates": {
        "latitude": "-78.1918",
        "longitude": "-73.2388"
      },
      "timezone": {
        "offset": "-7:00",
        "description": "Mountain Time (US & Canada)"
      }
    },
    "email": "torbjorn.gjerde@example.com",
    "login": {
      "uuid": "8d758b02-0c6e-4331-8cf1-2a062ca09806",
      "username": "lazybear479",
      "password": "meng",
      "salt": "kOdykVPc",
      "md5": "82ecf8a77e4f8066d0371b0a45978446",
      "sha1": "9791cf94bac29e0c7b88ed25fc90f8a6c239c01f",
      "sha256": "6fb7c37f6a2f1f51eacc5b255d4ae91ace67b8120c05748ee28a813948ef2d12"
    },
    "dob": {
      "date": "1984-12-12T01:20:54.677Z",
      "age": 40
    },
    "registered": {
      "date": "2009-07-17T00:17:15.534Z",
      "age": 16
    },
    "phone": "82872268",
    "cell": "45756260",
    "id": {
      "name": "FN",
      "value": "12128420779"
    },
    "picture": {
      "large": "https://randomuser.me/api/portraits/men/86.jpg",
      "medium": "https://randomuser.me/api/portraits/med/men/86.jpg",
      "thumbnail": "https://randomuser.me/api/portraits/thumb/men/86.jpg"
    },
    "nat": "NO"
  },
  {
    "gender": "female",
    "name": {
      "title": "Ms",
      "first": "Rosario",
      "last": "Ortiz"
    },
    "location": {
      "street": {
        "number": 5128,
        "name": "Calle de Ferraz"
      },
      "city": "La Palma",
      "state": "Comunidad de Madrid",
      "country": "Spain",
      "postcode": 78375,
      "coordinates": {
        "latitude": "37.7990",
        "longitude": "-49.3226"
      },
      "timezone": {
        "offset": "-5:00",
        "description": "Eastern Time (US & Canada), Bogota, Lima"
      }
    },
    "email": "rosario.ortiz@example.com",
    "login": {
      "uuid": "dd4cb44a-d18c-49a4-a19a-4adac38768c0",
      "username": "organicostrich742",
      "password": "secret",
      "salt": "cbSsSOd4",
      "md5": "d3744264df95ea815471a53dc4d5f242",
      "sha1": "d98892e2c8d48ea825c86e6db68702a212b3cc42",
      "sha256": "fbf4025b8c5607dbcb6e7313e005693abeb19849da467801fd8ac60ce75b9ad8"
    },
    "dob": {
      "date": "1970-11-14T14:04:16.306Z",
      "age": 54
    },
    "registered": {
      "date": "2009-01-05T14:15:28.705Z",
      "age": 16
    },
    "phone": "917-125-874",
    "cell": "673-457-506",
    "id": {
      "name": "DNI",
      "value": "90245681-X"
    },
    "picture": {
      "large": "https://randomuser.me/api/portraits/women/65.jpg",
      "medium": "https://randomuser.me/api/portraits/med/women/65.jpg",
      "thumbnail": "https://randomuser.me/api/portraits/thumb/women/65.jpg"
    },
    "nat": "ES"
  },
  {
    "gender": "male",
    "name": {
      "title": "Monsieur",
      "first": "Jose",
      "last": "Girard"
    },
    "location": {
      "street": {
        "number": 6758,
        "name": "Avenue des Ternes"
      },
      "city": "Choulex",
      "state": "Ticino",
      "country": "Switzerland",
      "postcode": 3567,
      "coordinates": {
        "latitude": "-84.6944",
        "longitude": "78.9986"
      },
      "timezone": {
        "offset": "-1:00",
        "description": "Azores, Cape Verde Islands"
      }
    },
    "email": "jose.girard@example.com",
    "login": {
      "uuid": "4ba0ec9a-b75a-42c1-88eb-7b578b909e03",
      "username": "crazymeercat460",
      "password": "annette",
      "salt": "Zu8nAQAg",
      "md5": "ecb1b72fdd427232f45b061ad75b2409",
      "sha1": "8c64885b30a06ede7779a730d92d44b6c8fbf554",
      "sha256": "3523612880d06fe72014912d9c6fc09885bd89382bd253fc4e955b361c235051"
    },
    "dob": {
      "date": "1986-10-27T12:44:06.468Z",
      "age": 38
    },
    "registered": {
      "date": "2010-10-20T04:57:17.858Z",
      "age": 14
    },
    "phone": "078 535 01 04",
    "cell": "075 072 45 97",
    "id": {
      "name": "AVS",
      "value": "756.5961.3713.59"
    },
    "picture": {
      "large": "https://randomuser.me/api/portraits/men/40.jpg",
      "medium": "https://randomuser.me/api/portraits/med/men/40.jpg",
      "thumbnail": "https://randomuser.me/api/portraits/thumb/men/40.jpg"
    },
    "nat": "CH"
  },
  {
    "gender": "male",
    "name": {
      "title": "Mr",
      "first": "Hunter",
      "last": "Bishop"
    },
    "location": {
      "street": {
        "number": 7401,
        "name": "Grove Road"
      },
      "city": "Bradford",
      "state": "Strathclyde",
      "country": "United Kingdom",
      "postcode": "A1R 6XR",
      "coordinates": {
        "latitude": "-6.3625",
        "longitude": "3.7589"
      },
      "timezone": {
        "offset": "-4:00",
        "description": "Atlantic Time (Canada), Caracas, La Paz"
      }
    },
    "email": "hunter.bishop@example.com",
    "login": {
      "uuid": "be3e2386-6a02-4ccd-9f36-a611496b664c",
      "username": "beautifulgorilla912",
      "password": "micheal",
      "salt": "3anGKPCl",
      "md5": "32b39b5b8591742f412353548878c94f",
      "sha1": "80716c3611077fdf4417ac25144f966997c84979",
      "sha256": "3755035b3395703c8a063f5d9c41a822df37d5e77e2ee15764d414062f94ba7e"
    },
    "dob": {
      "date": "1978-02-06T09:58:51.160Z",
      "age": 47
    },
    "registered": {
      "date": "2020-12-30T06:07:46.612Z",
      "age": 4
    },
    "phone": "019467 17736",
    "cell": "07940 729011",
    "id": {
      "name": "NINO",
      "value": "KX 46 10 35 I"
    },
    "picture": {
      "large": "https://randomuser.me/api/portraits/men/53.jpg",
      "medium": "https://randomuser.me/api/portraits/med/men/53.jpg",
      "thumbnail": "https://randomuser.me/api/portraits/thumb/men/53.jpg"
    },
    "nat": "GB"
  },
  {
    "gender": "female",
    "name": {
      "title": "Mrs",
      "first": "Ljuba",
      "last": "Šakić"
    },
    "location": {
      "street": {
        "number": 2066,
        "name": "Nikolićev Prilaz"
      },
      "city": "Kovin",
      "state": "Kosovo-Pomoravlje",
      "country": "Serbia",
      "postcode": 74683,
      "coordinates": {
        "latitude": "0.5989",
        "longitude": "-57.0849"
      },
      "timezone": {
        "offset": "-2:00",
        "description": "Mid-Atlantic"
      }
    },
    "email": "ljuba.sakic@example.com",
    "login": {
      "uuid": "8020611c-368e-4c8e-a16b-259e74614b31",
      "username": "ticklishostrich151",
      "password": "katherine",
      "salt": "pzIXxeME",
      "md5": "b2767d46c714d7283e7349539af35460",
      "sha1": "5dcf44e810f6086f299547a39945279c42e282d3",
      "sha256": "f0b05a34a329222c6b85ea7c39e1d079e52b080d9eb3a6c0270480faaee4653f"
    },
    "dob": {
      "date": "2001-03-23T11:02:58.586Z",
      "age": 24
    },
    "registered": {
      "date": "2021-06-18T23:38:20.522Z",
      "age": 4
    },
    "phone": "024-1880-344",
    "cell": "065-6800-317",
    "id": {
      "name": "SID",
      "value": "196198888"
    },
    "picture": {
      "large": "https://randomuser.me/api/portraits/women/60.jpg",
      "medium": "https://randomuser.me/api/portraits/med/women/60.jpg",
      "thumbnail": "https://randomuser.me/api/portraits/thumb/women/60.jpg"
    },
    "nat": "RS"
  },
  {
    "gender": "female",
    "name": {
      "title": "Miss",
      "first": "Freja",
      "last": "Christiansen"
    },
    "location": {
      "street": {
        "number": 5003,
        "name": "Lyngbyvej"
      },
      "city": "Skaerbaek",
      "state": "Midtjylland",
      "country": "Denmark",
      "postcode": 40730,
      "coordinates": {
        "latitude": "61.3997",
        "longitude": "-40.9110"
      },
      "timezone": {
        "offset": "-9:00",
        "description": "Alaska"
      }
    },
    "email": "freja.christiansen@example.com",
    "login": {
      "uuid": "d0389a73-906e-49e8-8871-c845e6b7dfce",
      "username": "lazymeercat226",
      "password": "frisky",
      "salt": "DjGg43I4",
      "md5": "3a2a475eab405fd04e5babccef8819f5",
      "sha1": "45016a36fa506516c9cefa004e5f0f436afbea00",
      "sha256": "790c2a8df45afa16f40afdcae83140d1cb2efce38ee3f5adb866b96180a093e3"
    },
    "dob": {
      "date": "1985-01-27T08:34:21.217Z",
      "age": 40
    },
    "registered": {
      "date": "2013-09-08T20:36:28.199Z",
      "age": 11
    },
    "phone": "14311321",
    "cell": "09071445",
    "id": {
      "name": "CPR",
      "value": "270185-8176"
    },
    "picture": {
      "large": "https://randomuser.me/api/portraits/women/10.jpg",
      "medium": "https://randomuser.me/api/portraits/med/women/10.jpg",
      "thumbnail": "https://randomuser.me/api/portraits/thumb/women/10.jpg"
    },
    "nat": "DK"
  },
  {
    "gender": "female",
    "name": {
      "title": "Miss",
      "first": "Snežana",
      "last": "Golubović"
    },
    "location": {
      "street": {
        "number": 4802,
        "name": "Marije Milutinović"
      },
      "city": "Topola",
      "state": "Moravica",
      "country": "Serbia",
      "postcode": 84703,
      "coordinates": {
        "latitude": "56.4246",
        "longitude": "45.3275"
      },
      "timezone": {
        "offset": "+3:30",
        "description": "Tehran"
      }
    },
    "email": "snezana.golubovic@example.com",
    "login": {
      "uuid": "f6c6950d-6e08-43fd-8ea3-ff130dfbacd7",
      "username": "redtiger966",
      "password": "candy",
      "salt": "fpEoM62P",
      "md5": "41df21db83dd0e72d9d46c8ca3a48f75",
      "sha1": "6a03b8192e05813d8e61523196f93f660aa3c6b2",
      "sha256": "b7aa36b9cbd9e42a0970742068a93b9bdeda0dd289bde82b5d60bfdceea8070b"
    },
    "dob": {
      "date": "1999-10-30T22:35:30.993Z",
      "age": 25
    },
    "registered": {
      "date": "2016-09-02T07:14:44.680Z",
      "age": 8
    },
    "phone": "027-7733-674",
    "cell": "066-5366-670",
    "id": {
      "name": "SID",
      "value": "785771374"
    },
    "picture": {
      "large": "https://randomuser.me/api/portraits/women/34.jpg",
      "medium": "https://randomuser.me/api/portraits/med/women/34.jpg",
      "thumbnail": "https://randomuser.me/api/portraits/thumb/women/34.jpg"
    },
    "nat": "RS"
  }
]
